Ticker,Researched_Date,Lowest_Price,Lowest_Date,Highest_Price,Highest_Date,Day_After_Price,Day_After_Date
BETSF,2024-09-21,0.36000001,2024-09-23,1.25,2024-10-02,1.0,2024-10-09
MIGI,2024-01-01,2.5,2024-01-03,4.4,2024-01-11,2.25,2024-01-18
LMFA,2024-01-01,2.202,2024-02-07,6.111,2024-06-13,5.36,2024-06-20
ICU,2024-01-08,12.0,2024-01-12,42.925,2024-02-22,18.35,2024-02-29
UCAR,2024-01-17,10.6,2024-01-19,13.5,2024-01-22,11.0,2024-01-29
LUNR,2024-02-26,3.15,2024-08-05,19.62,2024-12-27,18.16,2025-01-03
SOUN,2024-02-26,3.5,2024-04-22,24.98,2024-12-26,19.84,2025-01-02
AGEN,2024-02-26,4.78,2024-04-18,19.69,2024-06-04,16.78,2024-06-11
WKHS,2024-03-04,72.5,2024-03-05,85.5,2024-03-11,62.25,2024-03-18
AKBA,2024-03-15,1.52,2024-03-15,2.48,2024-03-28,1.51,2024-04-04
XFOR,2024-03-28,1.3,2024-03-28,1.6,2024-04-03,1.22,2024-04-10
GOEV,2024-03-28,64.6,2024-03-28,78.6,2024-04-01,48.2,2024-04-08
EGOX,2024-04-03,0.025,2024-04-17,0.083999999,2024-04-19,0.0374,2024-04-26
VNDA,2024-04-03,3.99,2024-04-16,6.75,2024-06-13,5.98,2024-06-20
TVGN,2024-10-31,2.205,2024-10-31,2.635,2024-11-01,1.22,2024-11-08
RANI,2024-04-12,4.428,2024-04-12,8.75,2024-04-17,6.99,2024-04-24
FCUV,2024-04-29,1.5,2024-08-05,5.5,2024-12-27,3.50,2025-01-03
RKLB,2024-05-02,3.655,2024-05-07,28.8,2024-12-26,24.96,2025-01-02
GDHG,2024-05-02,15.3,2024-05-02,18.95,2024-05-03,13.25,2024-05-10
LEXTF,2024-05-16,0.421,2024-06-13,1.217,2024-06-20,0.69999999,2024-06-27
HOLO,2024-06-24,18.92,2024-06-24,24.2,2024-06-25,17.82,2024-07-02
RONN,2024-06-05,0.0109,2024-06-05,0.0109,2024-06-05,0.0060000001,2024-06-11
AEMD,2024-06-05,0.23999999,2024-08-05,1.06,2024-12-31,0.80,2025-01-03
OPTT,2024-12-2,0.27000001,2024-12-17,1.37,2024-12-31,1.01,2025-01-07
NYWKF,2024-06-6,0.56760001,2024-07-26,1.53,2024-09-03,1.13,2024-09-10
CAF,2024-06-6,11.0,2024-08-05,16.11,2024-10-07,13.44,2024-10-14
MYRUF,2024-07-31,0.185,2024-09-16,0.47915,2024-10-21,0.352,2024-10-28
BURU,2024-08-02,3.02,2024-08-02,4.45,2024-08-05,1.82,2024-08-12
BANT,2024-08-09,0.0027999999,2024-08-09,0.0044900002,2024-08-12,0.0031999999,2024-08-19
RR,2024-08-16,0.51999998,2024-11-15,3.77,2024-12-30,2.41,2025-01-02
CLOV,2024-09-03,2.455,2024-09-06,4.71,2024-10-17,3.79,2024-10-24
LICY,2024-09-16,1.5005,2024-09-16,4.98,2024-11-08,2.05,2024-11-15
MLGO,2024-09-21,3.8,2024-09-23,8.74,2024-10-10,6.04,2024-10-17
MYNZ,2024-09-27,0.18000001,2024-12-02,7.95,2024-12-03,6.0,2024-12-10
SPCB,2024-09-27,2.96,2024-10-18,8.14,2024-12-30,4.82,2025-01-06
ELTP,2024-10-03,0.38999999,2024-10-07,0.75,2024-10-22,0.50999999,2024-10-29
BBAI,2024-10-11,1.5,2024-10-11,5.2,2024-12-31,4.11,2025-01-02
KULR,2024-12-19,2.06,2024-12-19,5.49,2024-12-27,4.14,2025-12-30
AZI,2024-11-8,1.65,2024-11-08,3.2,2024-11-11,2.22,2024-11-18
MJNA,2024-11-8,0.00069999997,2024-11-08,0.001,2024-11-11,0.00060000003,2024-11-18
ZOM,2024-11-19,0.1237,2024-11-19,0.1354,2024-11-22,0.12800001,2024-11-29
AKTS,2024-11-19,0.123,2024-11-19,0.123,2024-11-19,0.101,2024-11-29
CTM,2024-12-2,0.215,2024-12-02,2.83,2024-12-30,2.00,2025-12-30
WKSP,2024-12-09,7.8,2024-12-10,11.1,2024-12-13,8.35,2024-12-20
RIME,2024-12-09,14.0,2024-12-16,34.0,2024-12-17,18.0,2024-12-24
